<?xml version="1.0" encoding="UTF-8"?>
<project-private xmlns="http://www.netbeans.org/ns/project-private/1">
    <editor-bookmarks xmlns="http://www.netbeans.org/ns/editor-bookmarks/2" lastBookmarkId="0"/>
    <open-files xmlns="http://www.netbeans.org/ns/projectui-open-files/2">
        <group>
            <file>file:/home/dharani-inc2025/NetBeansProjects/ResultQuery/web/WEB-INF/web.xml</file>
            <file>file:/home/dharani-inc2025/NetBeansProjects/ResultQuery/src/java/com/getresult/ResultServlet.java</file>
            <file>file:/home/dharani-inc2025/NetBeansProjects/ResultQuery/web/index.html</file>
            <file>file:/home/dharani-inc2025/NetBeansProjects/ResultQuery/src/java/com/getresult/DatabaseConnection.java</file>
            <file>file:/home/dharani-inc2025/NetBeansProjects/ResultQuery/web/error.html</file>
        </group>
    </open-files>
</project-private>
